{
  "id": "4241826",
  "name": "mobile",
  "font_family": "iconfont",
  "css_prefix_text": "icon-",
  "description": "",
  "glyphs": [
    {
      "icon_id": "712408",
      "name": "右",
      "font_class": "icon-arrow-right2",
      "unicode": "e667",
      "unicode_decimal": 58983
    },
    {
      "icon_id": "5199407",
      "name": "关闭",
      "font_class": "guanbi",
      "unicode": "e606",
      "unicode_decimal": 58886
    },
    {
      "icon_id": "11855586",
      "name": "退出登录",
      "font_class": "tuichudenglu",
      "unicode": "e60b",
      "unicode_decimal": 58891
    },
    {
      "icon_id": "27152692",
      "name": "安全,信息安全,保护",
      "font_class": "anquan",
      "unicode": "e618",
      "unicode_decimal": 58904
    },
    {
      "icon_id": "20827235",
      "name": "展开",
      "font_class": "zhankai",
      "unicode": "e62b",
      "unicode_decimal": 58923
    },
    {
      "icon_id": "12752687",
      "name": "扫一扫",
      "font_class": "saoyisao_huaban",
      "unicode": "e626",
      "unicode_decimal": 58918
    },
    {
      "icon_id": "904047",
      "name": "感叹号",
      "font_class": "gantanhao",
      "unicode": "e685",
      "unicode_decimal": 59013
    },
    {
      "icon_id": "18103263",
      "name": "复制",
      "font_class": "fuzhi",
      "unicode": "e72f",
      "unicode_decimal": 59183
    }
  ]
}
